{"cameraMode":{"drawMode":0,"name":"Shaded","section":"Shading Mode"},"sceneLighting":true,"audioPlay":false,"sceneViewState":{"showFog":true,"showMaterialUpdate":false,"showSkybox":true,"showFlares":true,"showImageEffects":true,"showParticleSystems":true},"in2DMode":false,"pivot":{"x":-1.590630292892456,"y":0.8022342920303345,"z":1.03679621219635},"rotation":{"x":-0.2516947090625763,"y":-0.15853361785411836,"z":0.041833944618701938,"w":-0.9538198113441467},"size":10.543779373168946,"orthographic":false}