{"cameraMode":{"drawMode":0,"name":"Shaded","section":"Shading Mode"},"sceneLighting":false,"audioPlay":false,"sceneViewState":{"showFog":true,"showMaterialUpdate":false,"showSkybox":false,"showFlares":true,"showImageEffects":true,"showParticleSystems":true},"in2DMode":false,"pivot":{"x":1042.23193359375,"y":1530.89404296875,"z":1187.218505859375},"rotation":{"x":-0.031011108309030534,"y":0.9228034019470215,"z":-0.3764241337776184,"w":-0.07602464407682419},"size":8.446968078613282,"orthographic":false}