{"cameraMode":{"drawMode":0,"name":"Shaded","section":"Shading Mode"},"sceneLighting":true,"audioPlay":false,"sceneViewState":{"showFog":true,"showMaterialUpdate":false,"showSkybox":true,"showFlares":true,"showImageEffects":true,"showParticleSystems":true},"in2DMode":false,"pivot":{"x":0.2107899785041809,"y":1.617690920829773,"z":0.9080631732940674},"rotation":{"x":-0.15957657992839814,"y":0.8392314910888672,"z":-0.3423345386981964,"w":-0.39120396971702578},"size":3.194485902786255,"orthographic":false}