{"cameraMode":{"drawMode":0,"name":"Shaded","section":"Shading Mode"},"sceneLighting":false,"audioPlay":false,"sceneViewState":{"showFog":true,"showMaterialUpdate":false,"showSkybox":false,"showFlares":true,"showImageEffects":true,"showParticleSystems":true},"in2DMode":false,"pivot":{"x":-0.002886444330215454,"y":0.017327718436717988,"z":-0.003046944737434387},"rotation":{"x":-0.036701750010252,"y":0.9243848323822022,"z":-0.09210319817066193,"w":-0.3683527708053589},"size":0.22863072156906129,"orthographic":false}