{"cameraMode":{"drawMode":0,"name":"Shaded","section":"Shading Mode"},"sceneLighting":true,"audioPlay":false,"sceneViewState":{"showFog":true,"showMaterialUpdate":false,"showSkybox":true,"showFlares":true,"showImageEffects":true,"showParticleSystems":true},"in2DMode":false,"pivot":{"x":0.2545051574707031,"y":0.7061319351196289,"z":0.8264322280883789},"rotation":{"x":-0.15299999713897706,"y":0.4185633361339569,"z":-0.07176727801561356,"w":-0.8923299908638},"size":8.248010635375977,"orthographic":false}