{"cameraMode":{"drawMode":0,"name":"Shaded","section":"Shading Mode"},"sceneLighting":true,"audioPlay":false,"sceneViewState":{"showFog":true,"showMaterialUpdate":false,"showSkybox":true,"showFlares":true,"showImageEffects":true,"showParticleSystems":true},"in2DMode":false,"pivot":{"x":7.837413787841797,"y":-1.6474342346191407,"z":2.5792064666748049},"rotation":{"x":0.044787511229515079,"y":0.9522920250892639,"z":-0.24823890626430512,"w":0.1718127727508545},"size":32.61320495605469,"orthographic":false}